SKU,Marketplace,Seller_name,region,adv_price,Screenshot,live_link
S0164PA,Flipkart,Alpha Tech,India,"7,578.08",shots/S0164PA.png,https://x.test/S0164PA
S0215PA,BestBuy,Zeta Traders,USA,152.99,shots/S0215PA.png,https://x.test/S0215PA
S0063PA,BestBuy,Zeta Traders,UAE,"2,828.97",shots/S0063PA.png,https://x.test/S0063PA
S0233PA,Flipkart,Alpha Tech Pvt Ltd,USA,43.00,shots/S0233PA.png,https://x.test/S0233PA
S0161PA,Amazon.com,Zeta Traders,India,"5,581.44",shots/S0161PA.png,https://x.test/S0161PA
S0283PA,Amazon.in,Kappa Gadgets,UAE,60.08,shots/S0283PA.png,https://x.test/S0283PA
S0036PA,BestBuy,Alpha Tech Pvt Ltd,USA,386.16,shots/S0036PA.png,https://x.test/S0036PA
S0020PA,Amazon.in,Epsilon Retail,India,"7,479.30",shots/S0020PA.png,https://x.test/S0020PA
S0285PA,Amazon.in,Beta Mart,UK,109.58,shots/S0285PA.png,https://x.test/S0285PA
S0071PA,Flipkart,Alpha Tech Pvt Ltd,India,"15,325.58",shots/S0071PA.png,https://x.test/S0071PA
S0026PA,Walmart,Alpha Tech,UK,72.15,shots/S0026PA.png,https://x.test/S0026PA
S0076PA,Walmart,Gamma Store ,India,"12,742.29",shots/S0076PA.png,https://x.test/S0076PA
S0245PA,BestBuy,Alpha Tech,UK,29.03,shots/S0245PA.png,https://x.test/S0245PA
S0249PA,Amazon.com,Zeta Traders,CAN,322.38,shots/S0249PA.png,https://x.test/S0249PA
S0230PA,Walmart,Kappa Gadgets,India,"12,091.18",shots/S0230PA.png,https://x.test/S0230PA
S0003PA,Flipkart,Iota Bazaar,India,"49,874.30",shots/S0003PA.png,https://x.test/S0003PA
S0203PA,BestBuy,Kappa Gadgets,USA,174.94,shots/S0203PA.png,https://x.test/S0203PA
S0063PA,Flipkart,Beta Mart,USA,676.33,shots/S0063PA.png,https://x.test/S0063PA
S0133PA,Flipkart,Alpha Tech Pvt Ltd,USA,472.62,shots/S0133PA.png,https://x.test/S0133PA
S0227PA,Amazon.in,Epsilon Retail,India,"12,279.38",shots/S0227PA.png,https://x.test/S0227PA
S0111PA,Flipkart,Beta Mart,CAN,"1,012.43",shots/S0111PA.png,https://x.test/S0111PA
S0064PA,Amazon.in,Eta Online,UK,84.19,shots/S0064PA.png,https://x.test/S0064PA
S0113PA,BestBuy,Alpha Tech,CAN,55.29,shots/S0113PA.png,https://x.test/S0113PA
S0153PA,Amazon.in,Eta Online,India,"22,234.29",shots/S0153PA.png,https://x.test/S0153PA
S0293PA,Walmart,Theta Hub,CAN,64.75,shots/S0293PA.png,https://x.test/S0293PA
S0020PA,Amazon.com,Theta Hub,India,"13,437.38",shots/S0020PA.png,https://x.test/S0020PA
S0259PA,Amazon.com,Gamma Store ,CAN,14.72,shots/S0259PA.png,https://x.test/S0259PA
S0056PA,BestBuy,Alpha Tech,India,"6,353.84",shots/S0056PA.png,https://x.test/S0056PA
S0057PA,BestBuy,Zeta Traders,UAE,709.63,shots/S0057PA.png,https://x.test/S0057PA
S0011PA,Amazon.in,Gamma Store ,USA,96.34,shots/S0011PA.png,https://x.test/S0011PA
S0112PA,Amazon.in,Beta Mart,USA,205.67,shots/S0112PA.png,https://x.test/S0112PA
S0273PA,BestBuy,Zeta Traders,UAE,824.05,shots/S0273PA.png,https://x.test/S0273PA
S0273PA,BestBuy,ALPHA TECH,India,"18,055.25",shots/S0273PA.png,https://x.test/S0273PA
S0195PA,Amazon.in,Epsilon Retail,USA,717.60,shots/S0195PA.png,https://x.test/S0195PA
S0151PA,BestBuy,Alpha Tech,UAE,34.17,shots/S0151PA.png,https://x.test/S0151PA
S0270PA,Flipkart,Beta Mart,India,659.59,shots/S0270PA.png,https://x.test/S0270PA
S0130PA,BestBuy,Beta Mart,UK,98.77,shots/S0130PA.png,https://x.test/S0130PA
S0234PA,Flipkart,Beta Mart US,UK,7.13,shots/S0234PA.png,https://x.test/S0234PA
S0272PA,BestBuy,Iota Bazaar,UAE,289.91,shots/S0272PA.png,https://x.test/S0272PA
S0128PA,Flipkart,Kappa Gadgets,India,"10,517.88",shots/S0128PA.png,https://x.test/S0128PA
S0043PA,Amazon.com,Iota Bazaar,India,"1,248.59",shots/S0043PA.png,https://x.test/S0043PA
S0224PA,BestBuy,Gamma Store,CAN,105.94,shots/S0224PA.png,https://x.test/S0224PA
S0001PA,Amazon.com,Gamma Store ,India,"40,183.54",shots/S0001PA.png,https://x.test/S0001PA
S0089PA,Amazon.com,Beta Mart US,USA,46.39,shots/S0089PA.png,https://x.test/S0089PA
S0009PA,Amazon.com,Eta Online,UAE,799.48,shots/S0009PA.png,https://x.test/S0009PA
S0230PA,Walmart,Beta Mart,UK,105.84,shots/S0230PA.png,https://x.test/S0230PA
S0224PA,Amazon.in,Beta Mart,UAE,417.38,shots/S0224PA.png,https://x.test/S0224PA
S0083PA,Flipkart,Theta Hub,UK,156.18,shots/S0083PA.png,https://x.test/S0083PA
S0094PA,Amazon.in,Beta Mart,USA,239.57,shots/S0094PA.png,https://x.test/S0094PA
S0053PA,Amazon.com,ALPHA TECH,UK,27.21,shots/S0053PA.png,https://x.test/S0053PA
S0211PA,Flipkart,Theta Hub,CAN,20.42,shots/S0211PA.png,https://x.test/S0211PA
S0216PA,Flipkart,Gamma Store,CAN,440.50,shots/S0216PA.png,https://x.test/S0216PA
S0285PA,Walmart,Zeta Traders,UAE,982.61,shots/S0285PA.png,https://x.test/S0285PA
S0121PA,Walmart,Theta Hub,CAN,830.79,shots/S0121PA.png,https://x.test/S0121PA
S0275PA,Walmart,Delta Deals,UK,140.02,shots/S0275PA.png,https://x.test/S0275PA
S0033PA,Amazon.com,Epsilon Retail,USA,184.14,shots/S0033PA.png,https://x.test/S0033PA
S0239PA,Amazon.com,Eta Online,USA,179.45,shots/S0239PA.png,https://x.test/S0239PA
S0096PA,Amazon.com,Iota Bazaar,UK,373.68,shots/S0096PA.png,https://x.test/S0096PA
S0211PA,BestBuy,Delta Deals,UAE,47.80,shots/S0211PA.png,https://x.test/S0211PA
S0134PA,Walmart,Beta Mart US,USA,84.87,shots/S0134PA.png,https://x.test/S0134PA
S0256PA,Amazon.com,Alpha Tech,UAE,438.32,shots/S0256PA.png,https://x.test/S0256PA
S0012PA,Flipkart,Iota Bazaar,CAN,558.36,shots/S0012PA.png,https://x.test/S0012PA
S0008PA,Amazon.in,ALPHA TECH,CAN,100.77,shots/S0008PA.png,https://x.test/S0008PA
S0237PA,BestBuy,Kappa Gadgets,UAE,634.39,shots/S0237PA.png,https://x.test/S0237PA
S0239PA,Amazon.com,Epsilon Retail,UAE,525.52,shots/S0239PA.png,https://x.test/S0239PA
S0037PA,Flipkart,Gamma Store ,USA,480.08,shots/S0037PA.png,https://x.test/S0037PA
S0245PA,Amazon.com,Beta Mart US,USA,46.86,shots/S0245PA.png,https://x.test/S0245PA
S0272PA,Amazon.in,Delta Deals,CAN,131.09,shots/S0272PA.png,https://x.test/S0272PA
S0166PA,Amazon.in,Alpha Tech,India,"19,543.47",shots/S0166PA.png,https://x.test/S0166PA
S0297PA,Walmart,Iota Bazaar,USA,251.63,shots/S0297PA.png,https://x.test/S0297PA
S0115PA,Walmart,Zeta Traders,UAE,45.92,shots/S0115PA.png,https://x.test/S0115PA
S0177PA,Flipkart,Alpha Tech Pvt Ltd,UK,112.87,shots/S0177PA.png,https://x.test/S0177PA
S0155PA,Amazon.in,Alpha Tech,UK,86.55,shots/S0155PA.png,https://x.test/S0155PA
S0118PA,BestBuy,Alpha Tech,UAE,763.50,shots/S0118PA.png,https://x.test/S0118PA
S0290PA,Flipkart,Beta Mart,USA,163.68,shots/S0290PA.png,https://x.test/S0290PA
S0063PA,Flipkart,Alpha Tech,USA,472.97,shots/S0063PA.png,https://x.test/S0063PA
S0064PA,Amazon.in,Iota Bazaar,UK,141.97,shots/S0064PA.png,https://x.test/S0064PA
S0122PA,BestBuy,Zeta Traders,UK,87.12,shots/S0122PA.png,https://x.test/S0122PA
S0234PA,Walmart,Theta Hub,UAE,29.79,shots/S0234PA.png,https://x.test/S0234PA
S0154PA,Walmart,Iota Bazaar,UK,205.24,shots/S0154PA.png,https://x.test/S0154PA
S0295PA,Amazon.in,Kappa Gadgets,India,"1,104.55",shots/S0295PA.png,https://x.test/S0295PA
S0277PA,Walmart,Beta Mart,USA,427.88,shots/S0277PA.png,https://x.test/S0277PA
S0067PA,Amazon.com,Gamma Store,CAN,18.04,shots/S0067PA.png,https://x.test/S0067PA
S0105PA,Flipkart,Alpha Tech,UAE,470.16,shots/S0105PA.png,https://x.test/S0105PA
S0134PA,BestBuy,Zeta Traders,UAE,418.34,shots/S0134PA.png,https://x.test/S0134PA
S0158PA,Amazon.in,Theta Hub,USA,135.11,shots/S0158PA.png,https://x.test/S0158PA
S0241PA,Flipkart,Alpha Tech Pvt Ltd,UK,292.15,shots/S0241PA.png,https://x.test/S0241PA
S0256PA,Flipkart,Iota Bazaar,USA,130.53,shots/S0256PA.png,https://x.test/S0256PA
S0277PA,Walmart,Alpha Tech Pvt Ltd,India,"37,825.39",shots/S0277PA.png,https://x.test/S0277PA
S0008PA,Walmart,Gamma Store ,India,"5,309.33",shots/S0008PA.png,https://x.test/S0008PA
S0059PA,Walmart,Theta Hub,UAE,660.91,shots/S0059PA.png,https://x.test/S0059PA
S0195PA,BestBuy,Delta Deals,UAE,"2,694.45",shots/S0195PA.png,https://x.test/S0195PA
S0213PA,Walmart,Epsilon Retail,CAN,375.13,shots/S0213PA.png,https://x.test/S0213PA
S0271PA,Walmart,Gamma Store,UK,8.73,shots/S0271PA.png,https://x.test/S0271PA
S0072PA,Amazon.in,Beta Mart US,UK,437.22,shots/S0072PA.png,https://x.test/S0072PA
S0105PA,Walmart,Gamma Store,UK,116.90,shots/S0105PA.png,https://x.test/S0105PA
S0163PA,Amazon.com,Delta Deals,USA,13.86,shots/S0163PA.png,https://x.test/S0163PA
S0013PA,Amazon.com,Kappa Gadgets,India,"47,852.43",shots/S0013PA.png,https://x.test/S0013PA
S0053PA,BestBuy,Delta Deals,India,"5,849.98",shots/S0053PA.png,https://x.test/S0053PA
S0191PA,Flipkart,Kappa Gadgets,CAN,236.38,shots/S0191PA.png,https://x.test/S0191PA
S0083PA,Amazon.in,ALPHA TECH,USA,130.42,shots/S0083PA.png,https://x.test/S0083PA
S0291PA,Flipkart,Theta Hub,UK,419.38,shots/S0291PA.png,https://x.test/S0291PA
S0036PA,Flipkart,Beta Mart US,CAN,720.04,shots/S0036PA.png,https://x.test/S0036PA
S0154PA,Flipkart,Beta Mart US,UAE,792.46,shots/S0154PA.png,https://x.test/S0154PA
S0022PA,Flipkart,Theta Hub,UAE,"1,089.23",shots/S0022PA.png,https://x.test/S0022PA
S0083PA,Amazon.in,Gamma Store ,UAE,454.70,shots/S0083PA.png,https://x.test/S0083PA
S0087PA,Flipkart,Theta Hub,UAE,"2,767.56",shots/S0087PA.png,https://x.test/S0087PA
S0173PA,Flipkart,Kappa Gadgets,UK,43.73,shots/S0173PA.png,https://x.test/S0173PA
S0044PA,BestBuy,Epsilon Retail,UK,70.41,shots/S0044PA.png,https://x.test/S0044PA
S0211PA,Flipkart,Kappa Gadgets,USA,15.42,shots/S0211PA.png,https://x.test/S0211PA
S0188PA,Walmart,Eta Online,UAE,543.57,shots/S0188PA.png,https://x.test/S0188PA
S0224PA,Amazon.in,Kappa Gadgets,India,"6,674.57",shots/S0224PA.png,https://x.test/S0224PA
S0120PA,BestBuy,ALPHA TECH,USA,377.32,shots/S0120PA.png,https://x.test/S0120PA
S0289PA,Amazon.com,ALPHA TECH,UAE,"1,880.40",shots/S0289PA.png,https://x.test/S0289PA
S0258PA,BestBuy,Delta Deals,UAE,32.14,shots/S0258PA.png,https://x.test/S0258PA
S0248PA,BestBuy,Gamma Store,CAN,127.71,shots/S0248PA.png,https://x.test/S0248PA
S0240PA,Amazon.com,Eta Online,India,"35,853.90",shots/S0240PA.png,https://x.test/S0240PA
S0036PA,Amazon.com,Beta Mart US,USA,569.39,shots/S0036PA.png,https://x.test/S0036PA
S0241PA,Amazon.com,Theta Hub,UAE,"1,994.66",shots/S0241PA.png,https://x.test/S0241PA
S0254PA,Walmart,Alpha Tech,UK,80.24,shots/S0254PA.png,https://x.test/S0254PA
S0077PA,Walmart,Theta Hub,UAE,177.45,shots/S0077PA.png,https://x.test/S0077PA
S0134PA,Walmart,Iota Bazaar,India,"10,012.12",shots/S0134PA.png,https://x.test/S0134PA
S0149PA,Amazon.in,Gamma Store ,USA,36.61,shots/S0149PA.png,https://x.test/S0149PA
S0070PA,Amazon.in,Iota Bazaar,India,"10,519.04",shots/S0070PA.png,https://x.test/S0070PA
S0004PA,Walmart,Delta Deals,India,"17,161.74",shots/S0004PA.png,https://x.test/S0004PA
S0026PA,BestBuy,Theta Hub,USA,126.33,shots/S0026PA.png,https://x.test/S0026PA
S0079PA,BestBuy,Beta Mart US,USA,14.46,shots/S0079PA.png,https://x.test/S0079PA
S0110PA,Flipkart,Gamma Store,USA,127.48,shots/S0110PA.png,https://x.test/S0110PA
S0092PA,Walmart,Gamma Store,UAE,290.54,shots/S0092PA.png,https://x.test/S0092PA
S0247PA,Amazon.com,Beta Mart,USA,19.19,shots/S0247PA.png,https://x.test/S0247PA
S0114PA,Amazon.com,Delta Deals,UK,8.22,shots/S0114PA.png,https://x.test/S0114PA
S0038PA,Flipkart,Iota Bazaar,UAE,513.64,shots/S0038PA.png,https://x.test/S0038PA
S0264PA,Walmart,Iota Bazaar,India,"49,358.05",shots/S0264PA.png,https://x.test/S0264PA
S0228PA,BestBuy,Beta Mart,UAE,"2,017.06",shots/S0228PA.png,https://x.test/S0228PA
S0054PA,BestBuy,Alpha Tech,UK,5.96,shots/S0054PA.png,https://x.test/S0054PA
S0170PA,BestBuy,Beta Mart,CAN,141.46,shots/S0170PA.png,https://x.test/S0170PA
S0250PA,Amazon.com,Delta Deals,UK,165.32,shots/S0250PA.png,https://x.test/S0250PA
S0068PA,Amazon.in,Beta Mart US,USA,59.96,shots/S0068PA.png,https://x.test/S0068PA
S0089PA,BestBuy,Kappa Gadgets,UAE,191.86,shots/S0089PA.png,https://x.test/S0089PA
S0048PA,BestBuy,Delta Deals,India,"37,605.79",shots/S0048PA.png,https://x.test/S0048PA
S0092PA,Amazon.in,Delta Deals,India,"12,266.83",shots/S0092PA.png,https://x.test/S0092PA
S0018PA,Amazon.com,Beta Mart,UK,7.79,shots/S0018PA.png,https://x.test/S0018PA
S0054PA,BestBuy,Epsilon Retail,CAN,12.70,shots/S0054PA.png,https://x.test/S0054PA
S0016PA,Amazon.in,Delta Deals,USA,210.35,shots/S0016PA.png,https://x.test/S0016PA
S0188PA,Flipkart,Theta Hub,India,"13,229.28",shots/S0188PA.png,https://x.test/S0188PA
S0216PA,Walmart,Alpha Tech,India,"24,295.57",shots/S0216PA.png,https://x.test/S0216PA
S0076PA,Amazon.com,Gamma Store ,India,"12,429.68",shots/S0076PA.png,https://x.test/S0076PA
S0239PA,Amazon.com,Epsilon Retail,USA,179.00,shots/S0239PA.png,https://x.test/S0239PA
S0272PA,Walmart,Eta Online,CAN,155.78,shots/S0272PA.png,https://x.test/S0272PA
S0069PA,BestBuy,Alpha Tech Pvt Ltd,UAE,675.56,shots/S0069PA.png,https://x.test/S0069PA
S0012PA,Amazon.com,Gamma Store ,UAE,"1,363.72",shots/S0012PA.png,https://x.test/S0012PA
S0082PA,Flipkart,Zeta Traders,UK,125.30,shots/S0082PA.png,https://x.test/S0082PA
S0299PA,Amazon.com,Beta Mart,UK,166.80,shots/S0299PA.png,https://x.test/S0299PA
S0154PA,Amazon.in,Theta Hub,CAN,387.17,shots/S0154PA.png,https://x.test/S0154PA
S0240PA,Amazon.com,Iota Bazaar,UAE,"1,580.58",shots/S0240PA.png,https://x.test/S0240PA
S0249PA,Flipkart,Alpha Tech,UAE,749.34,shots/S0249PA.png,https://x.test/S0249PA
S0260PA,Amazon.in,Theta Hub,UAE,315.04,shots/S0260PA.png,https://x.test/S0260PA
S0044PA,Flipkart,Alpha Tech,UAE,276.89,shots/S0044PA.png,https://x.test/S0044PA
S0256PA,Amazon.com,Alpha Tech,CAN,153.51,shots/S0256PA.png,https://x.test/S0256PA
S0022PA,BestBuy,Beta Mart,USA,265.51,shots/S0022PA.png,https://x.test/S0022PA
S0044PA,BestBuy,Theta Hub,CAN,127.19,shots/S0044PA.png,https://x.test/S0044PA
S0297PA,BestBuy,Alpha Tech,USA,202.88,shots/S0297PA.png,https://x.test/S0297PA
S0225PA,Amazon.com,Kappa Gadgets,India,"22,978.89",shots/S0225PA.png,https://x.test/S0225PA
S0076PA,Flipkart,ALPHA TECH,USA,117.16,shots/S0076PA.png,https://x.test/S0076PA
S0072PA,Amazon.com,Beta Mart,India,"55,461.17",shots/S0072PA.png,https://x.test/S0072PA
S0251PA,Amazon.com,Zeta Traders,UK,114.32,shots/S0251PA.png,https://x.test/S0251PA
S0073PA,Flipkart,Iota Bazaar,UAE,"2,653.47",shots/S0073PA.png,https://x.test/S0073PA
S0113PA,Flipkart,Kappa Gadgets,UAE,114.31,shots/S0113PA.png,https://x.test/S0113PA
S0276PA,Walmart,Gamma Store,UK,278.94,shots/S0276PA.png,https://x.test/S0276PA
S0138PA,Flipkart,Alpha Tech,UAE,23.13,shots/S0138PA.png,https://x.test/S0138PA
S0048PA,Flipkart,Gamma Store,UAE,"1,539.41",shots/S0048PA.png,https://x.test/S0048PA
S0246PA,Walmart,Iota Bazaar,India,"1,153.34",shots/S0246PA.png,https://x.test/S0246PA
S0065PA,BestBuy,Epsilon Retail,USA,48.11,shots/S0065PA.png,https://x.test/S0065PA
S0238PA,Flipkart,Gamma Store,CAN,208.04,shots/S0238PA.png,https://x.test/S0238PA
S0195PA,Amazon.com,Epsilon Retail,India,"52,493.56",shots/S0195PA.png,https://x.test/S0195PA
S0081PA,Flipkart,Gamma Store ,UK,106.34,shots/S0081PA.png,https://x.test/S0081PA
S0136PA,BestBuy,Gamma Store ,India,"12,623.80",shots/S0136PA.png,https://x.test/S0136PA
S0005PA,Flipkart,Zeta Traders,UAE,178.30,shots/S0005PA.png,https://x.test/S0005PA
S0292PA,BestBuy,Theta Hub,CAN,233.05,shots/S0292PA.png,https://x.test/S0292PA
S0035PA,Amazon.com,Zeta Traders,USA,148.66,shots/S0035PA.png,https://x.test/S0035PA
S0254PA,BestBuy,Gamma Store ,UK,67.91,shots/S0254PA.png,https://x.test/S0254PA
S0173PA,BestBuy,Kappa Gadgets,India,"4,931.10",shots/S0173PA.png,https://x.test/S0173PA
S0148PA,Amazon.com,Iota Bazaar,India,"16,258.59",shots/S0148PA.png,https://x.test/S0148PA
S0124PA,BestBuy,Epsilon Retail,USA,123.38,shots/S0124PA.png,https://x.test/S0124PA
S0125PA,Amazon.com,Alpha Tech Pvt Ltd,UK,22.65,shots/S0125PA.png,https://x.test/S0125PA
S0269PA,BestBuy,Iota Bazaar,UAE,171.08,shots/S0269PA.png,https://x.test/S0269PA
S0285PA,Amazon.in,Beta Mart,CAN,403.85,shots/S0285PA.png,https://x.test/S0285PA
S0186PA,Amazon.in,Theta Hub,USA,13.72,shots/S0186PA.png,https://x.test/S0186PA
S0031PA,BestBuy,Iota Bazaar,India,"1,081.86",shots/S0031PA.png,https://x.test/S0031PA
S0189PA,Walmart,Zeta Traders,UK,167.56,shots/S0189PA.png,https://x.test/S0189PA
S0285PA,Walmart,Gamma Store ,UAE,764.41,shots/S0285PA.png,https://x.test/S0285PA
S0102PA,BestBuy,Theta Hub,India,837.72,shots/S0102PA.png,https://x.test/S0102PA
S0167PA,Amazon.com,Kappa Gadgets,UK,143.55,shots/S0167PA.png,https://x.test/S0167PA
S0035PA,Amazon.in,Delta Deals,CAN,225.33,shots/S0035PA.png,https://x.test/S0035PA
S0283PA,BestBuy,Alpha Tech Pvt Ltd,India,"1,152.18",shots/S0283PA.png,https://x.test/S0283PA
S0271PA,Amazon.in,Beta Mart,CAN,18.99,shots/S0271PA.png,https://x.test/S0271PA
S0070PA,Amazon.com,Alpha Tech Pvt Ltd,India,"13,514.75",shots/S0070PA.png,https://x.test/S0070PA
S0237PA,Flipkart,ALPHA TECH,CAN,234.53,shots/S0237PA.png,https://x.test/S0237PA
S0031PA,Amazon.in,Delta Deals,UK,9.14,shots/S0031PA.png,https://x.test/S0031PA
S0099PA,BestBuy,Alpha Tech,UAE,"1,742.68",shots/S0099PA.png,https://x.test/S0099PA
S0153PA,Flipkart,Delta Deals,UAE,900.66,shots/S0153PA.png,https://x.test/S0153PA
S0251PA,Flipkart,Alpha Tech Pvt Ltd,UAE,483.29,shots/S0251PA.png,https://x.test/S0251PA
S0219PA,Flipkart,Beta Mart,UAE,"2,612.72",shots/S0219PA.png,https://x.test/S0219PA
S0094PA,Amazon.in,Gamma Store,UAE,655.21,shots/S0094PA.png,https://x.test/S0094PA
S0093PA,Flipkart,Gamma Store,India,"15,961.52",shots/S0093PA.png,https://x.test/S0093PA
S0252PA,Flipkart,Gamma Store ,India,"38,212.74",shots/S0252PA.png,https://x.test/S0252PA
S0186PA,Flipkart,Zeta Traders,USA,12.10,shots/S0186PA.png,https://x.test/S0186PA
S0032PA,BestBuy,Epsilon Retail,UAE,312.01,shots/S0032PA.png,https://x.test/S0032PA
S0010PA,Walmart,Gamma Store ,UK,100.26,shots/S0010PA.png,https://x.test/S0010PA
S0191PA,Flipkart,Gamma Store,CAN,182.29,shots/S0191PA.png,https://x.test/S0191PA
S0146PA,Amazon.in,Epsilon Retail,India,"10,463.91",shots/S0146PA.png,https://x.test/S0146PA
S0297PA,Walmart,Alpha Tech Pvt Ltd,India,"15,847.66",shots/S0297PA.png,https://x.test/S0297PA
S0219PA,Amazon.in,Kappa Gadgets,UAE,"2,416.09",shots/S0219PA.png,https://x.test/S0219PA
S0021PA,Amazon.com,Delta Deals,UK,125.91,shots/S0021PA.png,https://x.test/S0021PA
S0040PA,Walmart,Theta Hub,India,"14,762.63",shots/S0040PA.png,https://x.test/S0040PA
S0192PA,Walmart,Iota Bazaar,UAE,"1,385.10",shots/S0192PA.png,https://x.test/S0192PA
S0111PA,Walmart,Alpha Tech,India,"52,542.67",shots/S0111PA.png,https://x.test/S0111PA
S0057PA,Amazon.in,Theta Hub,UAE,542.48,shots/S0057PA.png,https://x.test/S0057PA
S0285PA,Amazon.com,Eta Online,India,"24,441.47",shots/S0285PA.png,https://x.test/S0285PA
S0296PA,BestBuy,Alpha Tech,UAE,227.43,shots/S0296PA.png,https://x.test/S0296PA
S0193PA,Amazon.in,Alpha Tech,India,"33,211.21",shots/S0193PA.png,https://x.test/S0193PA
S0083PA,Amazon.in,Iota Bazaar,USA,207.78,shots/S0083PA.png,https://x.test/S0083PA
S0113PA,Amazon.in,Beta Mart,India,"5,014.12",shots/S0113PA.png,https://x.test/S0113PA
S0006PA,Flipkart,Beta Mart US,CAN,10.91,shots/S0006PA.png,https://x.test/S0006PA
S0109PA,Flipkart,Beta Mart,UK,509.91,shots/S0109PA.png,https://x.test/S0109PA
S0297PA,Flipkart,Delta Deals,USA,194.00,shots/S0297PA.png,https://x.test/S0297PA
S0246PA,Amazon.in,Beta Mart,CAN,9.80,shots/S0246PA.png,https://x.test/S0246PA
S0022PA,Flipkart,Zeta Traders,India,"23,815.85",shots/S0022PA.png,https://x.test/S0022PA
S0122PA,BestBuy,Theta Hub,USA,88.79,shots/S0122PA.png,https://x.test/S0122PA
S0173PA,Amazon.in,Gamma Store ,USA,45.75,shots/S0173PA.png,https://x.test/S0173PA
S0232PA,Flipkart,Epsilon Retail,CAN,256.12,shots/S0232PA.png,https://x.test/S0232PA
S0110PA,Amazon.com,Alpha Tech,UK,111.62,shots/S0110PA.png,https://x.test/S0110PA
S0045PA,Amazon.com,Kappa Gadgets,UK,168.14,shots/S0045PA.png,https://x.test/S0045PA
S0210PA,Amazon.in,Alpha Tech,India,844.65,shots/S0210PA.png,https://x.test/S0210PA
S0213PA,Flipkart,Gamma Store,CAN,308.76,shots/S0213PA.png,https://x.test/S0213PA
S0226PA,Amazon.com,Iota Bazaar,CAN,262.35,shots/S0226PA.png,https://x.test/S0226PA
S0047PA,Amazon.in,Iota Bazaar,India,"20,571.11",shots/S0047PA.png,https://x.test/S0047PA
S0103PA,Flipkart,Gamma Store,CAN,15.53,shots/S0103PA.png,https://x.test/S0103PA
S0123PA,Flipkart,Eta Online,UAE,"2,210.77",shots/S0123PA.png,https://x.test/S0123PA
S0006PA,Flipkart,Eta Online,UK,5.51,shots/S0006PA.png,https://x.test/S0006PA
S0240PA,BestBuy,Gamma Store ,CAN,436.89,shots/S0240PA.png,https://x.test/S0240PA
S0279PA,BestBuy,Gamma Store,UK,308.60,shots/S0279PA.png,https://x.test/S0279PA
S0046PA,Amazon.in,Gamma Store,USA,173.60,shots/S0046PA.png,https://x.test/S0046PA
S0156PA,Walmart,Theta Hub,India,"49,267.04",shots/S0156PA.png,https://x.test/S0156PA
S0057PA,Amazon.in,Alpha Tech,India,"15,995.38",shots/S0057PA.png,https://x.test/S0057PA
S0092PA,Amazon.in,Iota Bazaar,UK,87.36,shots/S0092PA.png,https://x.test/S0092PA
S0077PA,Amazon.com,Iota Bazaar,CAN,83.56,shots/S0077PA.png,https://x.test/S0077PA
S0261PA,Amazon.in,ALPHA TECH,USA,174.56,shots/S0261PA.png,https://x.test/S0261PA
S0192PA,BestBuy,Theta Hub,USA,434.90,shots/S0192PA.png,https://x.test/S0192PA
S0086PA,Flipkart,Gamma Store ,UK,84.01,shots/S0086PA.png,https://x.test/S0086PA
S0187PA,Amazon.in,Alpha Tech,UK,11.05,shots/S0187PA.png,https://x.test/S0187PA
S0082PA,Walmart,Beta Mart US,UAE,651.35,shots/S0082PA.png,https://x.test/S0082PA
S0183PA,BestBuy,Beta Mart,India,"68,499.01",shots/S0183PA.png,https://x.test/S0183PA
S0057PA,Flipkart,Beta Mart US,India,"18,687.00",shots/S0057PA.png,https://x.test/S0057PA
S0033PA,Walmart,Kappa Gadgets,India,"15,776.83",shots/S0033PA.png,https://x.test/S0033PA
S0063PA,Walmart,ALPHA TECH,UK,340.58,shots/S0063PA.png,https://x.test/S0063PA
S0188PA,Amazon.in,Gamma Store ,UAE,366.52,shots/S0188PA.png,https://x.test/S0188PA
S0122PA,Flipkart,Kappa Gadgets,India,"10,795.94",shots/S0122PA.png,https://x.test/S0122PA
S0008PA,Walmart,Alpha Tech Pvt Ltd,India,"5,170.97",shots/S0008PA.png,https://x.test/S0008PA
S0263PA,Flipkart,Iota Bazaar,USA,98.27,shots/S0263PA.png,https://x.test/S0263PA
S0132PA,Flipkart,Delta Deals,UK,327.18,shots/S0132PA.png,https://x.test/S0132PA
S0186PA,Amazon.com,ALPHA TECH,UAE,41.83,shots/S0186PA.png,https://x.test/S0186PA
S0057PA,Amazon.in,Theta Hub,CAN,323.87,shots/S0057PA.png,https://x.test/S0057PA
S0284PA,Amazon.in,Theta Hub,USA,120.68,shots/S0284PA.png,https://x.test/S0284PA
S0066PA,BestBuy,Epsilon Retail,USA,11.15,shots/S0066PA.png,https://x.test/S0066PA
S0036PA,BestBuy,Delta Deals,USA,455.02,shots/S0036PA.png,https://x.test/S0036PA
S0238PA,Flipkart,Beta Mart US,UAE,829.72,shots/S0238PA.png,https://x.test/S0238PA
S0204PA,Amazon.in,Theta Hub,India,"49,538.06",shots/S0204PA.png,https://x.test/S0204PA
S0133PA,Flipkart,Gamma Store ,UK,341.70,shots/S0133PA.png,https://x.test/S0133PA
S0261PA,Amazon.in,Gamma Store,India,"18,667.35",shots/S0261PA.png,https://x.test/S0261PA
S0105PA,BestBuy,Theta Hub,USA,184.99,shots/S0105PA.png,https://x.test/S0105PA
S0076PA,Amazon.com,Epsilon Retail,India,"14,567.73",shots/S0076PA.png,https://x.test/S0076PA
S0131PA,Amazon.in,Eta Online,UAE,544.47,shots/S0131PA.png,https://x.test/S0131PA
S0278PA,BestBuy,Alpha Tech Pvt Ltd,USA,101.41,shots/S0278PA.png,https://x.test/S0278PA
S0054PA,Amazon.com,Gamma Store ,UK,5.65,shots/S0054PA.png,https://x.test/S0054PA
S0162PA,Amazon.in,Beta Mart,USA,8.27,shots/S0162PA.png,https://x.test/S0162PA
S0174PA,Walmart,Gamma Store,UAE,30.99,shots/S0174PA.png,https://x.test/S0174PA
S0047PA,Walmart,Theta Hub,USA,181.73,shots/S0047PA.png,https://x.test/S0047PA
S0230PA,Walmart,Epsilon Retail,UK,118.85,shots/S0230PA.png,https://x.test/S0230PA
S0161PA,Amazon.in,Kappa Gadgets,USA,52.25,shots/S0161PA.png,https://x.test/S0161PA
S0132PA,BestBuy,Epsilon Retail,CAN,497.16,shots/S0132PA.png,https://x.test/S0132PA
S0061PA,Walmart,Alpha Tech Pvt Ltd,India,"34,876.54",shots/S0061PA.png,https://x.test/S0061PA
S0188PA,BestBuy,Alpha Tech Pvt Ltd,USA,101.92,shots/S0188PA.png,https://x.test/S0188PA
S0203PA,BestBuy,Theta Hub,UK,150.30,shots/S0203PA.png,https://x.test/S0203PA
S0227PA,BestBuy,Epsilon Retail,UAE,411.95,shots/S0227PA.png,https://x.test/S0227PA
S0276PA,Amazon.com,Delta Deals,UK,313.42,shots/S0276PA.png,https://x.test/S0276PA
S0274PA,BestBuy,Epsilon Retail,UAE,"1,158.71",shots/S0274PA.png,https://x.test/S0274PA
S0111PA,Amazon.in,Alpha Tech,India,"55,685.42",shots/S0111PA.png,https://x.test/S0111PA
S0079PA,Amazon.com,Iota Bazaar,UAE,29.88,shots/S0079PA.png,https://x.test/S0079PA
S0052PA,Amazon.in,Alpha Tech,India,"13,255.29",shots/S0052PA.png,https://x.test/S0052PA
S0153PA,Amazon.com,Gamma Store ,CAN,325.33,shots/S0153PA.png,https://x.test/S0153PA
S0113PA,Walmart,Beta Mart US,USA,50.88,shots/S0113PA.png,https://x.test/S0113PA
S0074PA,BestBuy,Alpha Tech Pvt Ltd,CAN,162.80,shots/S0074PA.png,https://x.test/S0074PA
S0088PA,Amazon.com,Zeta Traders,India,"11,928.10",shots/S0088PA.png,https://x.test/S0088PA
S0252PA,Amazon.in,Iota Bazaar,UAE,"1,826.14",shots/S0252PA.png,https://x.test/S0252PA
S0109PA,Flipkart,Alpha Tech,CAN,716.53,shots/S0109PA.png,https://x.test/S0109PA
S0107PA,Amazon.in,Iota Bazaar,India,"12,797.61",shots/S0107PA.png,https://x.test/S0107PA
S0260PA,Flipkart,Alpha Tech,India,"8,535.49",shots/S0260PA.png,https://x.test/S0260PA
S0132PA,Flipkart,Zeta Traders,UAE,"1,455.06",shots/S0132PA.png,https://x.test/S0132PA
S0150PA,Flipkart,Delta Deals,UAE,48.91,shots/S0150PA.png,https://x.test/S0150PA
S0162PA,Walmart,Beta Mart US,UAE,22.13,shots/S0162PA.png,https://x.test/S0162PA
S0056PA,BestBuy,ALPHA TECH,UK,47.43,shots/S0056PA.png,https://x.test/S0056PA
S0185PA,Flipkart,Beta Mart US,CAN,59.52,shots/S0185PA.png,https://x.test/S0185PA
S0184PA,Walmart,Zeta Traders,UK,158.20,shots/S0184PA.png,https://x.test/S0184PA
S0174PA,Walmart,Alpha Tech Pvt Ltd,CAN,14.13,shots/S0174PA.png,https://x.test/S0174PA
S0115PA,Walmart,Zeta Traders,USA,10.36,shots/S0115PA.png,https://x.test/S0115PA
S0107PA,BestBuy,Epsilon Retail,UK,115.10,shots/S0107PA.png,https://x.test/S0107PA
S0010PA,Amazon.in,Delta Deals,USA,210.71,shots/S0010PA.png,https://x.test/S0010PA
S0074PA,Amazon.in,Kappa Gadgets,USA,138.76,shots/S0074PA.png,https://x.test/S0074PA
S0080PA,Walmart,Delta Deals,UK,75.78,shots/S0080PA.png,https://x.test/S0080PA
S0041PA,Walmart,Delta Deals,UK,37.25,shots/S0041PA.png,https://x.test/S0041PA
S0044PA,BestBuy,Gamma Store,USA,69.12,shots/S0044PA.png,https://x.test/S0044PA
S0154PA,Amazon.com,Gamma Store ,USA,174.59,shots/S0154PA.png,https://x.test/S0154PA
S0021PA,Amazon.com,Beta Mart,India,"14,013.54",shots/S0021PA.png,https://x.test/S0021PA
S0101PA,Flipkart,Epsilon Retail,UK,27.73,shots/S0101PA.png,https://x.test/S0101PA
S0058PA,Walmart,Gamma Store,USA,182.20,shots/S0058PA.png,https://x.test/S0058PA
S0275PA,Amazon.com,Delta Deals,UAE,631.85,shots/S0275PA.png,https://x.test/S0275PA
S0231PA,Amazon.com,Gamma Store,India,"61,019.23",shots/S0231PA.png,https://x.test/S0231PA
S0264PA,Flipkart,Beta Mart US,CAN,412.67,shots/S0264PA.png,https://x.test/S0264PA
S0254PA,Flipkart,Delta Deals,UAE,420.78,shots/S0254PA.png,https://x.test/S0254PA
S0159PA,Walmart,Alpha Tech Pvt Ltd,CAN,758.67,shots/S0159PA.png,https://x.test/S0159PA
S0110PA,Amazon.com,Beta Mart US,CAN,278.60,shots/S0110PA.png,https://x.test/S0110PA
S0254PA,Amazon.com,Zeta Traders,USA,132.77,shots/S0254PA.png,https://x.test/S0254PA
S0155PA,Walmart,Beta Mart US,India,"14,527.54",shots/S0155PA.png,https://x.test/S0155PA
S0068PA,Walmart,Kappa Gadgets,India,"9,776.04",shots/S0068PA.png,https://x.test/S0068PA
S0046PA,BestBuy,ALPHA TECH,India,"19,283.64",shots/S0046PA.png,https://x.test/S0046PA
S0205PA,Amazon.com,Epsilon Retail,USA,623.10,shots/S0205PA.png,https://x.test/S0205PA
S0273PA,Amazon.com,Epsilon Retail,CAN,285.16,shots/S0273PA.png,https://x.test/S0273PA
S0039PA,Amazon.in,Kappa Gadgets,USA,741.13,shots/S0039PA.png,https://x.test/S0039PA
S0279PA,BestBuy,Iota Bazaar,UK,453.74,shots/S0279PA.png,https://x.test/S0279PA
S0214PA,Walmart,ALPHA TECH,UAE,654.83,shots/S0214PA.png,https://x.test/S0214PA
S0218PA,Amazon.com,Beta Mart,CAN,228.79,shots/S0218PA.png,https://x.test/S0218PA
S0095PA,Amazon.com,Epsilon Retail,India,"15,959.69",shots/S0095PA.png,https://x.test/S0095PA
S0015PA,Amazon.in,Beta Mart,UK,433.81,shots/S0015PA.png,https://x.test/S0015PA
S0047PA,Amazon.in,Theta Hub,UAE,641.00,shots/S0047PA.png,https://x.test/S0047PA
S0092PA,Amazon.com,Beta Mart,India,"13,501.04",shots/S0092PA.png,https://x.test/S0092PA
S0201PA,Amazon.com,Delta Deals,India,"25,092.17",shots/S0201PA.png,https://x.test/S0201PA
S0129PA,Amazon.com,Kappa Gadgets,CAN,244.07,shots/S0129PA.png,https://x.test/S0129PA
S0269PA,Amazon.in,Eta Online,USA,39.82,shots/S0269PA.png,https://x.test/S0269PA
S0215PA,Walmart,Beta Mart,CAN,174.47,shots/S0215PA.png,https://x.test/S0215PA
S0143PA,Flipkart,ALPHA TECH,USA,141.95,shots/S0143PA.png,https://x.test/S0143PA
S0118PA,Amazon.com,Kappa Gadgets,UK,131.68,shots/S0118PA.png,https://x.test/S0118PA
S0060PA,Amazon.com,Beta Mart,USA,429.98,shots/S0060PA.png,https://x.test/S0060PA
S0034PA,Amazon.in,Theta Hub,USA,205.76,shots/S0034PA.png,https://x.test/S0034PA
S0167PA,BestBuy,Gamma Store,USA,149.20,shots/S0167PA.png,https://x.test/S0167PA
S0214PA,Walmart,Kappa Gadgets,UAE,587.22,shots/S0214PA.png,https://x.test/S0214PA
S0170PA,Flipkart,Eta Online,CAN,226.61,shots/S0170PA.png,https://x.test/S0170PA
S0291PA,BestBuy,Beta Mart US,UK,270.04,shots/S0291PA.png,https://x.test/S0291PA
S0281PA,Flipkart,Kappa Gadgets,CAN,63.20,shots/S0281PA.png,https://x.test/S0281PA
S0159PA,Walmart,Gamma Store ,USA,566.88,shots/S0159PA.png,https://x.test/S0159PA
S0277PA,Walmart,Gamma Store ,India,"50,431.06",shots/S0277PA.png,https://x.test/S0277PA
S0269PA,Amazon.in,Zeta Traders,UK,23.47,shots/S0269PA.png,https://x.test/S0269PA
S0171PA,Flipkart,Kappa Gadgets,UAE,"3,078.60",shots/S0171PA.png,https://x.test/S0171PA
S0067PA,Amazon.in,Theta Hub,USA,19.51,shots/S0067PA.png,https://x.test/S0067PA
S0194PA,Walmart,Gamma Store ,CAN,151.92,shots/S0194PA.png,https://x.test/S0194PA
S0111PA,Walmart,Alpha Tech Pvt Ltd,UAE,"1,447.44",shots/S0111PA.png,https://x.test/S0111PA
S0298PA,Amazon.com,Theta Hub,CAN,414.32,shots/S0298PA.png,https://x.test/S0298PA
S0208PA,Amazon.in,Theta Hub,UAE,673.25,shots/S0208PA.png,https://x.test/S0208PA
S0092PA,Walmart,Beta Mart US,UAE,466.36,shots/S0092PA.png,https://x.test/S0092PA
S0060PA,Flipkart,Delta Deals,USA,528.48,shots/S0060PA.png,https://x.test/S0060PA
S0207PA,Amazon.in,Theta Hub,USA,809.83,shots/S0207PA.png,https://x.test/S0207PA
S0265PA,Amazon.in,Gamma Store,India,"44,823.54",shots/S0265PA.png,https://x.test/S0265PA
S0244PA,BestBuy,Gamma Store,UK,90.42,shots/S0244PA.png,https://x.test/S0244PA
S0168PA,Amazon.com,Delta Deals,USA,485.21,shots/S0168PA.png,https://x.test/S0168PA
S0052PA,Walmart,Alpha Tech Pvt Ltd,India,"13,889.05",shots/S0052PA.png,https://x.test/S0052PA
S0025PA,Flipkart,Eta Online,UK,374.83,shots/S0025PA.png,https://x.test/S0025PA
S0214PA,Amazon.in,Kappa Gadgets,UK,188.78,shots/S0214PA.png,https://x.test/S0214PA
S0241PA,Amazon.com,Gamma Store,CAN,561.33,shots/S0241PA.png,https://x.test/S0241PA
S0238PA,Amazon.in,Iota Bazaar,UK,155.99,shots/S0238PA.png,https://x.test/S0238PA
S0002PA,Amazon.com,Theta Hub,USA,166.26,shots/S0002PA.png,https://x.test/S0002PA
S0220PA,Amazon.com,Gamma Store ,USA,116.35,shots/S0220PA.png,https://x.test/S0220PA
S0252PA,BestBuy,Zeta Traders,USA,478.14,shots/S0252PA.png,https://x.test/S0252PA
S0275PA,Amazon.com,Alpha Tech Pvt Ltd,India,"12,313.29",shots/S0275PA.png,https://x.test/S0275PA
S0113PA,Walmart,Beta Mart,India,"4,171.87",shots/S0113PA.png,https://x.test/S0113PA
S0063PA,Amazon.com,Iota Bazaar,USA,667.01,shots/S0063PA.png,https://x.test/S0063PA
S0183PA,Amazon.in,Alpha Tech Pvt Ltd,India,"51,486.12",shots/S0183PA.png,https://x.test/S0183PA
S0183PA,BestBuy,Beta Mart US,USA,606.10,shots/S0183PA.png,https://x.test/S0183PA
S0110PA,Walmart,Alpha Tech,UK,94.97,shots/S0110PA.png,https://x.test/S0110PA
S0032PA,BestBuy,Alpha Tech Pvt Ltd,UK,73.22,shots/S0032PA.png,https://x.test/S0032PA
S0193PA,Amazon.in,Gamma Store,India,"40,821.30",shots/S0193PA.png,https://x.test/S0193PA
S0285PA,Amazon.com,Eta Online,CAN,340.42,shots/S0285PA.png,https://x.test/S0285PA
S0009PA,Walmart,Iota Bazaar,UAE,736.68,shots/S0009PA.png,https://x.test/S0009PA
S0269PA,Flipkart,Alpha Tech,CAN,52.16,shots/S0269PA.png,https://x.test/S0269PA
S0035PA,Flipkart,Alpha Tech Pvt Ltd,India,"11,718.22",shots/S0035PA.png,https://x.test/S0035PA
S0073PA,Flipkart,Beta Mart,UK,473.06,shots/S0073PA.png,https://x.test/S0073PA
S0212PA,Flipkart,Alpha Tech,India,"7,085.01",shots/S0212PA.png,https://x.test/S0212PA
S0290PA,Amazon.com,ALPHA TECH,UAE,438.07,shots/S0290PA.png,https://x.test/S0290PA
S0153PA,Amazon.com,Zeta Traders,UK,202.21,shots/S0153PA.png,https://x.test/S0153PA
S0138PA,BestBuy,Eta Online,CAN,13.78,shots/S0138PA.png,https://x.test/S0138PA
S0175PA,Walmart,Iota Bazaar,USA,13.65,shots/S0175PA.png,https://x.test/S0175PA
S0013PA,BestBuy,Eta Online,India,"56,193.25",shots/S0013PA.png,https://x.test/S0013PA
S0105PA,Amazon.in,Theta Hub,UAE,677.80,shots/S0105PA.png,https://x.test/S0105PA
S0172PA,Walmart,Gamma Store,UK,123.21,shots/S0172PA.png,https://x.test/S0172PA
S0163PA,Amazon.in,Gamma Store,UAE,39.42,shots/S0163PA.png,https://x.test/S0163PA
S0247PA,Amazon.in,Beta Mart US,UAE,39.36,shots/S0247PA.png,https://x.test/S0247PA
S0010PA,Walmart,Theta Hub,India,"20,142.23",shots/S0010PA.png,https://x.test/S0010PA
S0228PA,Amazon.in,Theta Hub,CAN,477.49,shots/S0228PA.png,https://x.test/S0228PA
S0236PA,Walmart,Alpha Tech Pvt Ltd,UAE,301.98,shots/S0236PA.png,https://x.test/S0236PA
S0144PA,Flipkart,Epsilon Retail,USA,468.54,shots/S0144PA.png,https://x.test/S0144PA
S0080PA,Flipkart,Gamma Store,UAE,248.48,shots/S0080PA.png,https://x.test/S0080PA
S0145PA,Amazon.in,Alpha Tech Pvt Ltd,India,"36,835.29",shots/S0145PA.png,https://x.test/S0145PA
S0057PA,Flipkart,Epsilon Retail,CAN,334.63,shots/S0057PA.png,https://x.test/S0057PA
S0186PA,Flipkart,ALPHA TECH,USA,8.71,shots/S0186PA.png,https://x.test/S0186PA
S0077PA,Amazon.com,Epsilon Retail,UK,22.74,shots/S0077PA.png,https://x.test/S0077PA
S0021PA,Amazon.com,ALPHA TECH,India,"11,574.56",shots/S0021PA.png,https://x.test/S0021PA
S0164PA,BestBuy,Alpha Tech,UAE,262.71,shots/S0164PA.png,https://x.test/S0164PA
S0187PA,Amazon.in,Zeta Traders,UK,12.04,shots/S0187PA.png,https://x.test/S0187PA
S0186PA,Walmart,Delta Deals,CAN,18.88,shots/S0186PA.png,https://x.test/S0186PA
S0077PA,Flipkart,Delta Deals,USA,52.03,shots/S0077PA.png,https://x.test/S0077PA
S0184PA,BestBuy,ALPHA TECH,UK,126.30,shots/S0184PA.png,https://x.test/S0184PA
S0198PA,Walmart,Alpha Tech,UAE,27.03,shots/S0198PA.png,https://x.test/S0198PA
S0019PA,BestBuy,Theta Hub,UAE,49.73,shots/S0019PA.png,https://x.test/S0019PA
S0004PA,BestBuy,Theta Hub,USA,189.75,shots/S0004PA.png,https://x.test/S0004PA
S0244PA,Amazon.in,Gamma Store,CAN,180.12,shots/S0244PA.png,https://x.test/S0244PA
S0245PA,BestBuy,Kappa Gadgets,UK,37.79,shots/S0245PA.png,https://x.test/S0245PA
S0193PA,Amazon.com,ALPHA TECH,USA,382.30,shots/S0193PA.png,https://x.test/S0193PA
S0292PA,Amazon.com,Beta Mart US,India,"14,584.06",shots/S0292PA.png,https://x.test/S0292PA
S0292PA,Walmart,Zeta Traders,CAN,184.88,shots/S0292PA.png,https://x.test/S0292PA
S0215PA,Amazon.in,Beta Mart,UK,95.30,shots/S0215PA.png,https://x.test/S0215PA
S0111PA,Amazon.in,Theta Hub,CAN,"1,016.73",shots/S0111PA.png,https://x.test/S0111PA
S0250PA,Flipkart,Eta Online,CAN,386.84,shots/S0250PA.png,https://x.test/S0250PA
S0090PA,Walmart,Beta Mart US,USA,11.53,shots/S0090PA.png,https://x.test/S0090PA
S0288PA,BestBuy,Epsilon Retail,India,"47,181.30",shots/S0288PA.png,https://x.test/S0288PA
S0252PA,Amazon.in,Alpha Tech Pvt Ltd,USA,414.91,shots/S0252PA.png,https://x.test/S0252PA
S0268PA,Amazon.com,Alpha Tech Pvt Ltd,UK,87.60,shots/S0268PA.png,https://x.test/S0268PA
S0199PA,Flipkart,Theta Hub,UK,12.50,shots/S0199PA.png,https://x.test/S0199PA
S0187PA,BestBuy,Gamma Store,CAN,17.22,shots/S0187PA.png,https://x.test/S0187PA
S0040PA,Amazon.in,Iota Bazaar,India,"18,342.54",shots/S0040PA.png,https://x.test/S0040PA
S0195PA,Flipkart,Beta Mart US,UK,492.26,shots/S0195PA.png,https://x.test/S0195PA
S0271PA,Amazon.in,Theta Hub,UK,7.84,shots/S0271PA.png,https://x.test/S0271PA
S0294PA,BestBuy,Gamma Store,USA,6.02,shots/S0294PA.png,https://x.test/S0294PA
S0184PA,Walmart,ALPHA TECH,CAN,204.42,shots/S0184PA.png,https://x.test/S0184PA
S0296PA,Flipkart,Alpha Tech Pvt Ltd,India,"6,342.07",shots/S0296PA.png,https://x.test/S0296PA
S0214PA,Amazon.in,Kappa Gadgets,CAN,364.32,shots/S0214PA.png,https://x.test/S0214PA
S0209PA,Amazon.in,Gamma Store,USA,45.54,shots/S0209PA.png,https://x.test/S0209PA
S0067PA,Flipkart,Gamma Store ,UK,8.52,shots/S0067PA.png,https://x.test/S0067PA
S0054PA,BestBuy,Epsilon Retail,UAE,37.08,shots/S0054PA.png,https://x.test/S0054PA
S0088PA,Flipkart,Epsilon Retail,USA,151.67,shots/S0088PA.png,https://x.test/S0088PA
S0181PA,Amazon.in,Gamma Store,UAE,"1,602.22",shots/S0181PA.png,https://x.test/S0181PA
S0068PA,Amazon.com,Zeta Traders,UAE,437.70,shots/S0068PA.png,https://x.test/S0068PA
S0050PA,Walmart,Eta Online,CAN,225.35,shots/S0050PA.png,https://x.test/S0050PA
S0180PA,Amazon.com,Beta Mart US,CAN,543.23,shots/S0180PA.png,https://x.test/S0180PA
S0254PA,Flipkart,Gamma Store ,UAE,393.66,shots/S0254PA.png,https://x.test/S0254PA
S0176PA,BestBuy,Zeta Traders,CAN,119.32,shots/S0176PA.png,https://x.test/S0176PA
S0042PA,BestBuy,Beta Mart US,UK,8.93,shots/S0042PA.png,https://x.test/S0042PA
S0056PA,Amazon.in,Kappa Gadgets,UK,65.00,shots/S0056PA.png,https://x.test/S0056PA
S0096PA,Walmart,Alpha Tech Pvt Ltd,UK,292.70,shots/S0096PA.png,https://x.test/S0096PA
S0143PA,Flipkart,Theta Hub,UK,136.38,shots/S0143PA.png,https://x.test/S0143PA
S0250PA,Amazon.com,Beta Mart US,CAN,370.40,shots/S0250PA.png,https://x.test/S0250PA
S0154PA,Amazon.in,Theta Hub,India,"24,956.97",shots/S0154PA.png,https://x.test/S0154PA
S0263PA,Flipkart,Beta Mart US,CAN,202.64,shots/S0263PA.png,https://x.test/S0263PA
S0128PA,BestBuy,Kappa Gadgets,USA,75.85,shots/S0128PA.png,https://x.test/S0128PA
S0127PA,Flipkart,Gamma Store ,UAE,33.71,shots/S0127PA.png,https://x.test/S0127PA
S0037PA,Amazon.com,Kappa Gadgets,USA,441.06,shots/S0037PA.png,https://x.test/S0037PA
S0233PA,Flipkart,Beta Mart,India,"5,606.57",shots/S0233PA.png,https://x.test/S0233PA
S0045PA,Flipkart,Gamma Store ,USA,169.77,shots/S0045PA.png,https://x.test/S0045PA
S0278PA,Amazon.in,Gamma Store ,USA,120.91,shots/S0278PA.png,https://x.test/S0278PA
S0046PA,Amazon.com,Iota Bazaar,India,"20,541.92",shots/S0046PA.png,https://x.test/S0046PA
S0028PA,Amazon.com,Zeta Traders,UK,114.97,shots/S0028PA.png,https://x.test/S0028PA
S0014PA,Amazon.com,Gamma Store,UK,55.17,shots/S0014PA.png,https://x.test/S0014PA
S0259PA,Amazon.com,Gamma Store ,India,"1,146.93",shots/S0259PA.png,https://x.test/S0259PA
S0002PA,Walmart,Gamma Store ,CAN,169.78,shots/S0002PA.png,https://x.test/S0002PA
S0059PA,Amazon.in,Zeta Traders,India,"18,881.58",shots/S0059PA.png,https://x.test/S0059PA
S0043PA,Walmart,Alpha Tech Pvt Ltd,CAN,17.26,shots/S0043PA.png,https://x.test/S0043PA
S0283PA,Amazon.com,Zeta Traders,CAN,25.32,shots/S0283PA.png,https://x.test/S0283PA
S0067PA,Flipkart,Alpha Tech,UAE,48.77,shots/S0067PA.png,https://x.test/S0067PA
S0086PA,BestBuy,Delta Deals,UAE,481.04,shots/S0086PA.png,https://x.test/S0086PA
S0043PA,Flipkart,Iota Bazaar,USA,13.24,shots/S0043PA.png,https://x.test/S0043PA
S0024PA,BestBuy,Beta Mart,UK,293.54,shots/S0024PA.png,https://x.test/S0024PA
S0219PA,Amazon.com,Zeta Traders,India,"67,936.16",shots/S0219PA.png,https://x.test/S0219PA
S0192PA,Amazon.in,ALPHA TECH,USA,263.26,shots/S0192PA.png,https://x.test/S0192PA
S0203PA,Walmart,Delta Deals,USA,186.21,shots/S0203PA.png,https://x.test/S0203PA
S0054PA,BestBuy,Gamma Store ,CAN,10.48,shots/S0054PA.png,https://x.test/S0054PA
S0219PA,Amazon.com,Gamma Store,CAN,723.63,shots/S0219PA.png,https://x.test/S0219PA
S0166PA,Amazon.com,Alpha Tech,UAE,744.63,shots/S0166PA.png,https://x.test/S0166PA
S0079PA,BestBuy,Gamma Store,India,897.46,shots/S0079PA.png,https://x.test/S0079PA
S0086PA,Amazon.com,Epsilon Retail,India,"13,396.87",shots/S0086PA.png,https://x.test/S0086PA
S0257PA,Flipkart,Alpha Tech,UAE,151.50,shots/S0257PA.png,https://x.test/S0257PA
S0152PA,Walmart,ALPHA TECH,India,"5,547.80",shots/S0152PA.png,https://x.test/S0152PA
S0217PA,Amazon.com,Gamma Store,UAE,"1,346.54",shots/S0217PA.png,https://x.test/S0217PA
S0039PA,Flipkart,Iota Bazaar,India,"70,371.52",shots/S0039PA.png,https://x.test/S0039PA
S0040PA,Amazon.in,Beta Mart US,USA,154.08,shots/S0040PA.png,https://x.test/S0040PA
S0184PA,Walmart,Beta Mart US,CAN,295.40,shots/S0184PA.png,https://x.test/S0184PA
S0147PA,Flipkart,Alpha Tech Pvt Ltd,India,"33,824.50",shots/S0147PA.png,https://x.test/S0147PA
S0190PA,Flipkart,ALPHA TECH,UK,117.74,shots/S0190PA.png,https://x.test/S0190PA
S0072PA,Amazon.in,Theta Hub,India,"53,107.03",shots/S0072PA.png,https://x.test/S0072PA
S0109PA,Flipkart,ALPHA TECH,USA,422.96,shots/S0109PA.png,https://x.test/S0109PA
S0265PA,Amazon.in,Eta Online,India,"56,970.86",shots/S0265PA.png,https://x.test/S0265PA
S0202PA,Amazon.in,Alpha Tech Pvt Ltd,UK,183.87,shots/S0202PA.png,https://x.test/S0202PA
S0244PA,Amazon.in,Iota Bazaar,CAN,180.49,shots/S0244PA.png,https://x.test/S0244PA
S0232PA,BestBuy,Eta Online,CAN,249.53,shots/S0232PA.png,https://x.test/S0232PA
S0203PA,BestBuy,Delta Deals,UAE,676.26,shots/S0203PA.png,https://x.test/S0203PA
S0177PA,Amazon.in,Beta Mart US,India,"23,098.03",shots/S0177PA.png,https://x.test/S0177PA
S0290PA,Amazon.com,Kappa Gadgets,UK,108.57,shots/S0290PA.png,https://x.test/S0290PA
S0200PA,Amazon.com,Kappa Gadgets,USA,72.73,shots/S0200PA.png,https://x.test/S0200PA
S0095PA,Amazon.in,Iota Bazaar,India,"14,154.52",shots/S0095PA.png,https://x.test/S0095PA
S0037PA,BestBuy,Eta Online,UAE,"1,858.07",shots/S0037PA.png,https://x.test/S0037PA
S0092PA,Flipkart,Beta Mart US,UAE,450.76,shots/S0092PA.png,https://x.test/S0092PA
S0012PA,BestBuy,ALPHA TECH,India,"37,531.30",shots/S0012PA.png,https://x.test/S0012PA
S0049PA,Amazon.in,Eta Online,UAE,"2,057.59",shots/S0049PA.png,https://x.test/S0049PA
S0237PA,Flipkart,Gamma Store ,UK,118.34,shots/S0237PA.png,https://x.test/S0237PA
S0081PA,Amazon.in,Alpha Tech,UK,110.92,shots/S0081PA.png,https://x.test/S0081PA
S0160PA,Amazon.in,Beta Mart,UAE,761.58,shots/S0160PA.png,https://x.test/S0160PA
S0134PA,Flipkart,Gamma Store,UK,56.64,shots/S0134PA.png,https://x.test/S0134PA
S0087PA,Walmart,Epsilon Retail,USA,805.42,shots/S0087PA.png,https://x.test/S0087PA
S0248PA,Flipkart,Alpha Tech Pvt Ltd,India,"7,527.55",shots/S0248PA.png,https://x.test/S0248PA
S0010PA,Walmart,Iota Bazaar,UAE,730.69,shots/S0010PA.png,https://x.test/S0010PA
S0193PA,BestBuy,Alpha Tech Pvt Ltd,CAN,641.04,shots/S0193PA.png,https://x.test/S0193PA
S0102PA,Flipkart,Zeta Traders,CAN,11.29,shots/S0102PA.png,https://x.test/S0102PA
S0168PA,Amazon.in,Iota Bazaar,UAE,"1,797.20",shots/S0168PA.png,https://x.test/S0168PA
S0055PA,Amazon.in,Alpha Tech,CAN,17.80,shots/S0055PA.png,https://x.test/S0055PA
S0227PA,Flipkart,Beta Mart,India,"11,352.80",shots/S0227PA.png,https://x.test/S0227PA
S0154PA,Walmart,Gamma Store,USA,155.27,shots/S0154PA.png,https://x.test/S0154PA
S0219PA,Walmart,Kappa Gadgets,USA,785.12,shots/S0219PA.png,https://x.test/S0219PA
S0109PA,BestBuy,Theta Hub,CAN,919.29,shots/S0109PA.png,https://x.test/S0109PA
S0092PA,BestBuy,Alpha Tech Pvt Ltd,UAE,375.34,shots/S0092PA.png,https://x.test/S0092PA
S0134PA,Amazon.in,Gamma Store,USA,72.12,shots/S0134PA.png,https://x.test/S0134PA
S0198PA,Flipkart,Iota Bazaar,USA,11.00,shots/S0198PA.png,https://x.test/S0198PA
S0079PA,Amazon.com,Epsilon Retail,UK,11.07,shots/S0079PA.png,https://x.test/S0079PA
S0279PA,Walmart,Eta Online,UK,460.07,shots/S0279PA.png,https://x.test/S0279PA
S0030PA,BestBuy,Delta Deals,USA,9.97,shots/S0030PA.png,https://x.test/S0030PA
S0178PA,Flipkart,Theta Hub,UAE,880.10,shots/S0178PA.png,https://x.test/S0178PA
S0122PA,BestBuy,Gamma Store,CAN,142.88,shots/S0122PA.png,https://x.test/S0122PA
S0238PA,Amazon.in,Beta Mart US,CAN,315.85,shots/S0238PA.png,https://x.test/S0238PA
S0168PA,Flipkart,ALPHA TECH,USA,309.32,shots/S0168PA.png,https://x.test/S0168PA
S0204PA,Flipkart,Eta Online,CAN,755.04,shots/S0204PA.png,https://x.test/S0204PA
S0090PA,BestBuy,Alpha Tech Pvt Ltd,CAN,10.14,shots/S0090PA.png,https://x.test/S0090PA
S0116PA,Amazon.com,ALPHA TECH,CAN,152.74,shots/S0116PA.png,https://x.test/S0116PA
S0273PA,Amazon.in,Iota Bazaar,USA,251.58,shots/S0273PA.png,https://x.test/S0273PA
S0224PA,Amazon.com,Alpha Tech,UK,53.32,shots/S0224PA.png,https://x.test/S0224PA
S0195PA,Flipkart,Gamma Store ,UAE,"2,419.71",shots/S0195PA.png,https://x.test/S0195PA
S0041PA,Amazon.com,Eta Online,USA,23.75,shots/S0041PA.png,https://x.test/S0041PA
S0001PA,BestBuy,ALPHA TECH,CAN,444.31,shots/S0001PA.png,https://x.test/S0001PA
S0047PA,Amazon.in,Gamma Store ,UAE,528.82,shots/S0047PA.png,https://x.test/S0047PA
S0050PA,Flipkart,Epsilon Retail,USA,169.39,shots/S0050PA.png,https://x.test/S0050PA
S0144PA,Flipkart,Beta Mart US,CAN,555.84,shots/S0144PA.png,https://x.test/S0144PA
S0065PA,Amazon.com,Delta Deals,CAN,65.80,shots/S0065PA.png,https://x.test/S0065PA
S0021PA,Amazon.in,Zeta Traders,UAE,622.19,shots/S0021PA.png,https://x.test/S0021PA
S0188PA,BestBuy,Delta Deals,India,"14,368.13",shots/S0188PA.png,https://x.test/S0188PA
S0171PA,Walmart,Theta Hub,India,"86,491.68",shots/S0171PA.png,https://x.test/S0171PA
S0188PA,Walmart,Eta Online,India,"14,354.90",shots/S0188PA.png,https://x.test/S0188PA
S0187PA,Amazon.in,Gamma Store,India,"1,123.82",shots/S0187PA.png,https://x.test/S0187PA
S0114PA,Walmart,Kappa Gadgets,CAN,15.68,shots/S0114PA.png,https://x.test/S0114PA
S0023PA,BestBuy,Eta Online,UK,112.25,shots/S0023PA.png,https://x.test/S0023PA
S0258PA,Amazon.com,Gamma Store ,USA,7.81,shots/S0258PA.png,https://x.test/S0258PA
S0222PA,Amazon.in,Iota Bazaar,UAE,54.05,shots/S0222PA.png,https://x.test/S0222PA
S0177PA,Amazon.in,Alpha Tech Pvt Ltd,CAN,233.42,shots/S0177PA.png,https://x.test/S0177PA
S0181PA,BestBuy,Kappa Gadgets,CAN,715.13,shots/S0181PA.png,https://x.test/S0181PA
S0006PA,Flipkart,Gamma Store ,CAN,7.82,shots/S0006PA.png,https://x.test/S0006PA
S0052PA,Amazon.com,Theta Hub,USA,184.60,shots/S0052PA.png,https://x.test/S0052PA
S0030PA,Amazon.in,Iota Bazaar,UK,7.34,shots/S0030PA.png,https://x.test/S0030PA
S0121PA,Flipkart,Beta Mart,UAE,"1,787.45",shots/S0121PA.png,https://x.test/S0121PA
S0119PA,Walmart,Gamma Store ,USA,168.76,shots/S0119PA.png,https://x.test/S0119PA
S0240PA,Walmart,Beta Mart US,USA,390.93,shots/S0240PA.png,https://x.test/S0240PA
S0237PA,Amazon.in,Iota Bazaar,CAN,257.27,shots/S0237PA.png,https://x.test/S0237PA
S0038PA,BestBuy,Zeta Traders,CAN,162.07,shots/S0038PA.png,https://x.test/S0038PA
S0042PA,Flipkart,Alpha Tech Pvt Ltd,USA,10.14,shots/S0042PA.png,https://x.test/S0042PA
S0067PA,Amazon.in,Theta Hub,India,"1,583.70",shots/S0067PA.png,https://x.test/S0067PA
S0092PA,Walmart,Kappa Gadgets,USA,133.34,shots/S0092PA.png,https://x.test/S0092PA
S0057PA,Amazon.in,Alpha Tech,UAE,695.38,shots/S0057PA.png,https://x.test/S0057PA
S0193PA,Walmart,ALPHA TECH,USA,447.25,shots/S0193PA.png,https://x.test/S0193PA
S0224PA,Amazon.com,Theta Hub,USA,83.18,shots/S0224PA.png,https://x.test/S0224PA
S0185PA,BestBuy,ALPHA TECH,UK,27.65,shots/S0185PA.png,https://x.test/S0185PA
S0123PA,Walmart,Theta Hub,USA,752.75,shots/S0123PA.png,https://x.test/S0123PA
S0034PA,Walmart,Delta Deals,USA,199.31,shots/S0034PA.png,https://x.test/S0034PA
S0071PA,BestBuy,Iota Bazaar,CAN,191.76,shots/S0071PA.png,https://x.test/S0071PA
S0259PA,Walmart,Epsilon Retail,India,"1,462.91",shots/S0259PA.png,https://x.test/S0259PA
S0262PA,Amazon.com,Theta Hub,UAE,509.10,shots/S0262PA.png,https://x.test/S0262PA
S0264PA,Walmart,Alpha Tech Pvt Ltd,CAN,608.54,shots/S0264PA.png,https://x.test/S0264PA
S0146PA,BestBuy,Eta Online,UK,87.82,shots/S0146PA.png,https://x.test/S0146PA
S0119PA,BestBuy,ALPHA TECH,UAE,615.13,shots/S0119PA.png,https://x.test/S0119PA
S0164PA,BestBuy,Epsilon Retail,UK,72.90,shots/S0164PA.png,https://x.test/S0164PA
S0268PA,Amazon.in,Beta Mart US,India,"10,684.63",shots/S0268PA.png,https://x.test/S0268PA
S0133PA,Amazon.in,Eta Online,UK,423.68,shots/S0133PA.png,https://x.test/S0133PA
S0177PA,BestBuy,Gamma Store,India,"18,416.02",shots/S0177PA.png,https://x.test/S0177PA
S0221PA,BestBuy,Delta Deals,UK,35.75,shots/S0221PA.png,https://x.test/S0221PA
S0227PA,Walmart,Epsilon Retail,CAN,104.77,shots/S0227PA.png,https://x.test/S0227PA
S0267PA,Amazon.in,Alpha Tech,UAE,"1,787.70",shots/S0267PA.png,https://x.test/S0267PA
S0285PA,Flipkart,ALPHA TECH,India,"16,762.06",shots/S0285PA.png,https://x.test/S0285PA
S0161PA,BestBuy,Theta Hub,UAE,164.63,shots/S0161PA.png,https://x.test/S0161PA
S0237PA,Amazon.in,Theta Hub,UK,121.27,shots/S0237PA.png,https://x.test/S0237PA
S0064PA,Amazon.in,ALPHA TECH,India,"13,687.16",shots/S0064PA.png,https://x.test/S0064PA
S0162PA,Walmart,Eta Online,CAN,13.74,shots/S0162PA.png,https://x.test/S0162PA
S0111PA,Flipkart,Alpha Tech Pvt Ltd,India,"49,585.24",shots/S0111PA.png,https://x.test/S0111PA
S0275PA,Flipkart,Kappa Gadgets,UK,138.66,shots/S0275PA.png,https://x.test/S0275PA
S0290PA,Amazon.in,Iota Bazaar,USA,145.92,shots/S0290PA.png,https://x.test/S0290PA
S0124PA,Walmart,Epsilon Retail,UAE,537.60,shots/S0124PA.png,https://x.test/S0124PA
S0016PA,Amazon.com,Gamma Store ,UK,102.77,shots/S0016PA.png,https://x.test/S0016PA
S0283PA,Walmart,ALPHA TECH,India,"1,162.65",shots/S0283PA.png,https://x.test/S0283PA
S0178PA,Flipkart,Beta Mart,UAE,694.92,shots/S0178PA.png,https://x.test/S0178PA
S0094PA,Walmart,Eta Online,India,"20,195.80",shots/S0094PA.png,https://x.test/S0094PA
S0122PA,Walmart,Alpha Tech,India,"9,000.20",shots/S0122PA.png,https://x.test/S0122PA
S0109PA,Walmart,ALPHA TECH,UK,377.47,shots/S0109PA.png,https://x.test/S0109PA
S0284PA,Walmart,ALPHA TECH,UAE,381.51,shots/S0284PA.png,https://x.test/S0284PA
S0176PA,Flipkart,Delta Deals,India,"9,226.66",shots/S0176PA.png,https://x.test/S0176PA
S0073PA,BestBuy,Delta Deals,USA,606.34,shots/S0073PA.png,https://x.test/S0073PA
S0109PA,Flipkart,ALPHA TECH,CAN,606.96,shots/S0109PA.png,https://x.test/S0109PA
S0008PA,Amazon.com,Gamma Store ,UAE,267.24,shots/S0008PA.png,https://x.test/S0008PA
S0189PA,Flipkart,Iota Bazaar,UK,153.23,shots/S0189PA.png,https://x.test/S0189PA
S0140PA,Flipkart,Delta Deals,UK,71.71,shots/S0140PA.png,https://x.test/S0140PA
